-- --------------------------------------------------------
-- Διακομιστής:                  127.0.0.1
-- Έκδοση διακομιστή:            10.4.32-MariaDB - mariadb.org binary distribution
-- Λειτ. σύστημα διακομιστή:     Win64
-- HeidiSQL Έκδοση:              12.6.0.6765
-- --------------------------------------------------------

/*!40101 SET @OLD_CHARACTER_SET_CLIENT=@@CHARACTER_SET_CLIENT */;
/*!40101 SET NAMES utf8 */;
/*!50503 SET NAMES utf8mb4 */;
/*!40103 SET @OLD_TIME_ZONE=@@TIME_ZONE */;
/*!40103 SET TIME_ZONE='+00:00' */;
/*!40014 SET @OLD_FOREIGN_KEY_CHECKS=@@FOREIGN_KEY_CHECKS, FOREIGN_KEY_CHECKS=0 */;
/*!40101 SET @OLD_SQL_MODE=@@SQL_MODE, SQL_MODE='NO_AUTO_VALUE_ON_ZERO' */;
/*!40111 SET @OLD_SQL_NOTES=@@SQL_NOTES, SQL_NOTES=0 */;


-- Dumping database structure for database_development
CREATE DATABASE IF NOT EXISTS `database_development` /*!40100 DEFAULT CHARACTER SET utf8mb4 COLLATE utf8mb4_general_ci */;
USE `database_development`;

-- Dumping structure for πίνακας database_development.Accounts
CREATE TABLE IF NOT EXISTS `Accounts` (
  `id` int(11) NOT NULL AUTO_INCREMENT,
  `name` varchar(255) DEFAULT NULL,
  `uname` varchar(255) NOT NULL,
  `email` varchar(255) NOT NULL,
  `password` varchar(255) NOT NULL,
  `timeZone` varchar(255) NOT NULL,
  `subscriptionFrequency` varchar(255) DEFAULT NULL,
  `expirationDate` datetime DEFAULT NULL,
  `plan` varchar(255) DEFAULT NULL,
  `selectedOption` varchar(255) DEFAULT NULL,
  `role` varchar(255) NOT NULL,
  `language` varchar(255) DEFAULT NULL,
  `createdAt` datetime NOT NULL,
  `updatedAt` datetime NOT NULL,
  PRIMARY KEY (`id`)
) ENGINE=InnoDB AUTO_INCREMENT=209 DEFAULT CHARSET=utf8mb4 COLLATE=utf8mb4_general_ci;

-- Dumping data for table database_development.Accounts: ~22 rows (approximately)
INSERT INTO `Accounts` (`id`, `name`, `uname`, `email`, `password`, `timeZone`, `subscriptionFrequency`, `expirationDate`, `plan`, `selectedOption`, `role`, `language`, `createdAt`, `updatedAt`) VALUES
	(1, '123', '123123', '123@gmail.com', '$2a$10$DRXTlHPcTDt/CnWsAOvEoewbhtXYFWOqSWefN9rZrXtDV61mgGW.i', 'CST', 'M', '2024-04-20 07:42:38', 'PROFESSIONAL', 'PRO', '', '', '2024-03-21 08:42:39', '2024-04-01 08:58:14'),
	(3, 'revel', 'Kosti$1', '201dsf@gmail.com', '$2a$10$8Jha5I0ALIWzHaDoMNDVc.WjR70Xpuvz.Uou2qTT.yudVsv5DcJzq', 'EST', 'M', '2024-04-20 11:47:56', 'PROFESSIONAL', 'PRO', '', '', '2024-03-21 12:50:32', '2024-03-21 12:50:32'),
	(4, 'revel', 'Kosti$1', '201dsf@gmail.com', '$2a$10$3md.KLzvT9nopdpQauVT/.UuV9rd9Hsee23XT6w897E4srvUuQyou', 'EST', 'M', '2024-04-20 11:47:56', 'PROFESSIONAL', 'PRO', '', '', '2024-03-21 12:51:21', '2024-03-21 12:51:21'),
	(5, 'arsi', 'acaaa', 'arsi@gmail.com', '$2a$10$yCpEkUyUnkmNLZhULRhn5eDPWhDDSPA7QRqCKwOJ7esczBiSj7uB6', 'CST', 'M', '2024-04-20 11:53:00', 'BASIC', 'PRO', '', '', '2024-03-21 12:53:04', '2024-03-21 12:53:04'),
	(6, '123', '123', '124sadfasf3@gmail.com', '$2a$10$4rdTO090QuZY22TF.WADguKeBkdlnc.PBUHnzVPQpZeGk.CWcfDR6', 'CST', 'M', '2024-04-20 07:42:38', 'PROFESSIONAL', 'PRO', '', '', '2024-03-21 13:51:01', '2024-03-21 13:51:01'),
	(7, '123', '123', '1245sadfasf3@gmail.com', '$2a$10$Jd0x4/0GrKHTkWn4NFp0m.pt/YjGdKdFWyHzzgqTY0Z2ZAzOfvAtK', 'CST', 'M', '2024-04-20 07:42:38', 'PROFESSIONAL', 'PRO', '', '', '2024-03-21 13:51:12', '2024-03-21 13:51:12'),
	(8, '123', '123', '12415sadfasf3@gmail.com', '$2a$10$.EbBlXIUljqiNhZV7KGxyuwIRwYukO67xoM6zYuvdvf3xTPCGaujq', 'CST', 'M', '2024-04-20 07:42:38', 'PROFESSIONAL', 'PRO', '', '', '2024-03-21 13:54:58', '2024-03-21 13:54:58'),
	(9, 'anotherOne', 'KKSSKK', 'kostis@gmail.com', '$2a$10$ojj3h3zgQYnoyH.Xf30WKecKCeT/0.Md7ki9F7cL401XjLJv5dxjq', 'CST', 'M', '2024-04-27 09:21:37', 'PROFESSIONAL', 'PRO', 'admin', '', '2024-03-28 10:21:42', '2024-03-28 10:21:42'),
	(10, 'KKKKKKK', 'k2222', 'KK2131KK@GMAIL.COM', '$2a$10$C5CZfXaKG9Sx6DLZVpY0KuYCKJPuAjAVZUxPdFN5m4bYblaM.G.Na', 'CST', 'M', '2024-04-27 09:24:34', 'PROFESSIONAL', 'PRO', 'admin', '', '2024-03-28 10:24:40', '2024-03-28 10:24:40'),
	(11, 'arlee', 'Kostiss1', 'arrrrr@gmail.com', '$2a$10$5bQoByKZFt99.oAkcXcv8.Y..28fKCxHJ8Tm0wxNQyv/b8CWaFwkG', 'EST', 'M', '2024-04-27 09:27:13', 'PROFESSIONAL', 'GOLD', 'admin', '', '2024-03-28 10:27:17', '2024-03-28 10:27:17'),
	(12, 'gg', 'gigikia', 'gg@gmail.com', '$2a$10$m7kxmhXM/rsUxyNV2HN13uMgOAKvQ7/k9u9OvezsSlfbB6MnNBXli', 'CST', 'M', '2024-04-27 09:35:47', 'PROFESSIONAL', 'PRO', 'admin', '', '2024-03-28 10:35:50', '2024-03-28 10:35:50'),
	(13, '1232132', '3123123', '1231233213@gmail.com', '$2a$10$OYHDVrAckvOWaZDeqEkuweWXe2plvz2n1Z84AEJ5DfC4CwTxis82m', 'PST', 'M', '2024-05-01 08:17:45', 'STARTER', 'PRO', 'admin', '', '2024-04-01 08:17:49', '2024-04-01 08:17:49'),
	(14, 'strong', 'Kosti$1222', 'strongy@gmail.com', '$2a$10$1qGXJfhYUdMFIEeZQNFulefQ8e0apYxZuftolHo6r2khdMiK5Da8u', 'EST', '', '2024-04-01 08:19:21', '', '', 'partner', 'GR', '2024-04-01 08:21:00', '2024-04-01 08:21:00'),
	(15, 'stresstest', 'Mockito', 'stresssy@gmail.com', '$2a$10$KzzJVfi46AqY5Dvi40I34.1v3UA79aTC7R3d.MLnyYY2T.tDWJ762', 'EST', 'M', '2024-05-01 08:21:25', 'BASIC', 'BASE', 'admin', '', '2024-04-01 08:21:29', '2024-04-01 08:21:29'),
	(16, 'artrt', 'kkkkkk', 'sadasd@gmail.com', '$2a$10$BmYtq.njLciafsN6R8uRdep24TfFZyIBle0Lw3rhkwh0UbcWCpina', 'CST', '', '2024-04-01 08:34:42', '', '', 'partner', '', '2024-04-01 08:35:20', '2024-04-01 08:35:20'),
	(17, '123213312321312', 'KKKK', '132312312321312312231@gmail.com', '$2a$10$wSelSRzScYuD/wX34Gi.Guh8oMELNmy05oPZDUkOT0UU2E75IL2y6', 'EST', 'A', '2024-05-01 08:35:43', 'STARTER', 'BASE', 'admin', '', '2024-04-01 08:35:49', '2024-04-01 08:35:49'),
	(18, '12312', '12312', '1ddsd23@gmail.com', '$2a$10$fo1oH7KmaST7nYKdPhMa5.4g4aOEwgEdDFs3JKimxGYEoW6qVNLtm', 'EST', 'M', '2024-05-01 08:41:54', 'PROFESSIONAL', 'PRO', 'admin', '', '2024-04-01 08:41:58', '2024-04-01 08:41:58'),
	(19, '12312312', 'dsadsad', '123333333@ggmail.com', '$2a$10$y5dgIIGsXi5khMFSUh..FOVD.i/y2veDXeclKLe06Ws8MDUuBAjju', 'EST', 'A', '2024-05-01 08:43:44', 'STARTER', 'GOLD', 'admin', '', '2024-04-01 08:43:48', '2024-04-01 08:43:48'),
	(20, '312321', 'P', '1232222@gmail.com', '$2a$10$48aBpGYPz2LSHuY.rqYXE.Cf3lmfgof/31nxw2Z1N/wOi380m7g.u', 'PST', '', '2024-04-01 08:59:00', '', '', 'partner', '', '2024-04-01 08:59:26', '2024-04-16 12:19:55'),
	(164, 'MYppppartner', 'erttttt', 'mo6565ck@gmail.com', '$2a$10$dZOHmiuqnI/ACBp5.d00MOpFI3iCiovanCIafD2ZXVWD1nnngFBjS', 'PST', '', '2024-04-16 07:33:09', '', '', 'partner', '', '2024-04-16 07:33:43', '2024-04-16 07:33:43'),
	(165, 'uddddddd', 'keepo', 'uddddddd@gmail.com', '$2a$10$0wMAFHVSn6qVx8ka0/6DVug/Tb.iuFmOqtCiPetNHWBHZemr6QkxW', 'CST', 'M', '2024-05-16 07:50:36', 'PREMIUM', 'PRO', 'admin', '', '2024-04-16 07:50:48', '2024-04-16 07:50:48'),
	(167, 'TEST', 'K', '18c770d5-70e3-412c-b7a8-f4fdd3d5fcd1', '$2a$10$AwuTGvl6PU11EjX4yitb9O4w3bLBuTXpoyiWuFosjEyayPLRm0HY6', 'EST', 'M', '2024-04-09 11:26:22', 'PROFESSIONAL', 'GOLD', 'admin', '', '2024-04-16 08:09:11', '2024-04-17 12:32:55');

-- Dumping structure for πίνακας database_development.authTokens
CREATE TABLE IF NOT EXISTS `authTokens` (
  `sessionId` int(11) NOT NULL AUTO_INCREMENT,
  `userId` int(11) NOT NULL,
  `token` varchar(255) NOT NULL,
  `expiryDate` datetime NOT NULL,
  `createdAt` datetime NOT NULL,
  `updatedAt` datetime NOT NULL,
  PRIMARY KEY (`sessionId`) USING BTREE,
  KEY `userId` (`userId`),
  CONSTRAINT `authTokens_ibfk_1` FOREIGN KEY (`userId`) REFERENCES `Accounts` (`id`) ON DELETE CASCADE ON UPDATE CASCADE,
  CONSTRAINT `authTokens_ibfk_2` FOREIGN KEY (`userId`) REFERENCES `Accounts` (`id`) ON DELETE CASCADE ON UPDATE CASCADE,
  CONSTRAINT `authTokens_ibfk_3` FOREIGN KEY (`userId`) REFERENCES `Accounts` (`id`) ON DELETE CASCADE ON UPDATE CASCADE
) ENGINE=InnoDB AUTO_INCREMENT=955 DEFAULT CHARSET=utf8mb4 COLLATE=utf8mb4_general_ci;

-- Dumping data for table database_development.authTokens: ~315 rows (approximately)
INSERT INTO `authTokens` (`sessionId`, `userId`, `token`, `expiryDate`, `createdAt`, `updatedAt`) VALUES
	(1, 1, '2b77cb5e-d338-4720-94e7-807adbde8e73', '2024-04-21 08:10:47', '2024-03-22 09:10:47', '2024-03-22 09:10:47'),
	(2, 1, '3306babd-042d-4f62-a8c2-2793a305ea02', '2024-04-21 08:17:24', '2024-03-22 09:17:24', '2024-03-22 09:17:24'),
	(3, 1, '82c08a67-9a32-41ab-80f5-30c961d120dc', '2024-04-21 08:17:47', '2024-03-22 09:17:47', '2024-03-22 09:17:47'),
	(4, 1, '79ba785b-953d-4ebb-8e75-12c9f98b9774', '2024-04-21 08:20:45', '2024-03-22 09:20:45', '2024-03-22 09:20:45'),
	(5, 1, '97d4b091-74b8-4f7a-9ae0-bca70eb9eb6d', '2024-03-29 09:38:23', '2024-03-22 09:38:23', '2024-03-22 09:38:23'),
	(6, 1, '2d2cdbab-db8b-4a4d-aaca-1e006269a7fb', '2024-03-29 09:39:46', '2024-03-22 09:39:46', '2024-03-22 09:39:46'),
	(7, 1, '0582bdac-4f1e-4852-856f-9c9eb29c53c2', '2024-03-29 09:47:01', '2024-03-22 09:47:01', '2024-03-22 09:47:01'),
	(8, 1, 'ddda1795-d9bc-48ae-a7f8-b45a52f7dcdd', '2024-03-29 09:47:03', '2024-03-22 09:47:03', '2024-03-22 09:47:03'),
	(9, 1, '1c760cae-331f-4b47-a696-24da97a8920f', '2024-03-29 09:47:23', '2024-03-22 09:47:23', '2024-03-22 09:47:23'),
	(10, 1, 'de1b38ca-e861-4716-8aeb-ef5abab03637', '2024-03-29 09:50:25', '2024-03-22 09:50:25', '2024-03-22 09:50:25'),
	(11, 1, 'ea5a43f1-725d-4ccd-8566-124feff7f966', '2024-03-29 09:53:14', '2024-03-22 09:53:14', '2024-03-22 09:53:14'),
	(13, 1, 'd7c8895e-f6e8-4b78-b0ae-343827148e9c', '2024-03-29 10:14:41', '2024-03-22 10:14:41', '2024-03-22 10:14:41'),
	(15, 1, '869da942-e766-47e1-8a8a-66de2846fba4', '2024-03-22 10:31:55', '2024-03-22 10:29:45', '2024-03-22 10:31:55'),
	(17, 1, 'b6585ce7-e140-4b86-9c1b-e39035e728a5', '2024-03-29 10:36:48', '2024-03-22 10:36:48', '2024-03-22 10:36:48'),
	(21, 1, '3088f092-84f8-44df-ad38-64c00703b628', '2024-04-04 07:34:52', '2024-03-28 08:34:52', '2024-03-28 08:34:52'),
	(22, 1, '4f805e9f-1ad5-4e17-9082-4dfe7d8a1837', '2024-04-04 07:35:01', '2024-03-28 08:35:01', '2024-03-28 08:35:01'),
	(23, 1, '5d59a601-4654-4c44-b5eb-4787ec6e460f', '2024-04-04 07:43:20', '2024-03-28 08:43:20', '2024-03-28 08:43:20'),
	(24, 1, '39a57acd-975d-44a6-8ff5-a5554df8a55e', '2024-04-04 07:44:27', '2024-03-28 08:44:27', '2024-03-28 08:44:27'),
	(25, 1, '5c5731dc-fe6f-4f39-8df4-3072290f3409', '2024-04-04 07:45:11', '2024-03-28 08:45:11', '2024-03-28 08:45:11'),
	(26, 1, 'eacb0aa7-d038-4a57-a53f-6134cf1fab87', '2024-04-04 07:47:28', '2024-03-28 08:47:28', '2024-03-28 08:47:28'),
	(27, 1, '88000dc1-8a40-4f2b-8222-21ff606c7d1c', '2024-04-04 07:49:40', '2024-03-28 08:49:40', '2024-03-28 08:49:40'),
	(28, 1, '2af34e1f-03f1-4bab-a33b-6f9d2f9aef84', '2024-04-04 07:49:55', '2024-03-28 08:49:55', '2024-03-28 08:49:55'),
	(29, 1, 'ef693888-20f1-4684-9daf-8a5c7642ab66', '2024-04-04 07:51:08', '2024-03-28 08:51:08', '2024-03-28 08:51:08'),
	(30, 1, '2d707711-2dab-4526-97bf-2f0ca8e8fd7d', '2024-04-04 07:51:48', '2024-03-28 08:51:48', '2024-03-28 08:51:48'),
	(31, 1, '07d998fb-c991-49b3-b985-32bb5abbf123', '2024-04-04 07:52:22', '2024-03-28 08:52:22', '2024-03-28 08:52:22'),
	(32, 1, 'd677f3a7-d186-42da-ba19-2bf5ec683960', '2024-04-04 08:10:54', '2024-03-28 09:10:54', '2024-03-28 09:10:54'),
	(33, 1, '2ee11fae-80d3-422d-8887-4c6ccef4e597', '2024-04-04 08:17:37', '2024-03-28 09:17:37', '2024-03-28 09:17:37'),
	(34, 1, 'a5bee24e-0ba4-4dc1-ae5a-8774968bf1b6', '2024-04-04 08:36:13', '2024-03-28 09:36:13', '2024-03-28 09:36:13'),
	(35, 1, '3bd1b48b-3f2c-47b8-8126-620921b7bd61', '2024-04-04 08:36:20', '2024-03-28 09:36:20', '2024-03-28 09:36:20'),
	(36, 1, '43bb8cdd-32d1-484b-a606-137ef5f23aba', '2024-04-04 08:47:36', '2024-03-28 09:47:36', '2024-03-28 09:47:36'),
	(37, 1, '4d0e507b-495c-464b-9f35-20df17f4854d', '2024-04-04 09:02:43', '2024-03-28 10:02:43', '2024-03-28 10:02:43'),
	(38, 1, '21783484-046a-4b20-a420-fbb50f3e8d7e', '2024-04-04 09:21:05', '2024-03-28 10:21:05', '2024-03-28 10:21:05'),
	(39, 1, 'af7d9d30-f486-4002-9aed-5a085a3118bb', '2024-04-04 09:31:02', '2024-03-28 10:31:02', '2024-03-28 10:31:02'),
	(40, 1, '6c399874-bcd2-4bfb-9fca-47c2e9eda52c', '2024-04-04 09:39:25', '2024-03-28 10:39:25', '2024-03-28 10:39:25'),
	(41, 1, '7903f8e8-fe81-46b1-9f56-dcc408771f3a', '2024-04-04 09:55:30', '2024-03-28 10:55:30', '2024-03-28 10:55:30'),
	(42, 1, 'ab690f16-08dc-4da4-8ae2-719dbc75d90f', '2024-04-04 10:08:26', '2024-03-28 11:08:26', '2024-03-28 11:08:26'),
	(43, 1, '24ffa9d1-d6f4-4ef9-805b-6824351bd851', '2024-04-04 10:11:32', '2024-03-28 11:11:32', '2024-03-28 11:11:32'),
	(44, 1, 'c8f05748-8988-4de7-8074-bcd7928a2b2b', '2024-04-04 10:12:29', '2024-03-28 11:12:29', '2024-03-28 11:12:29'),
	(45, 1, '93960ab5-1dd8-475c-9520-d7f6051ab1ee', '2024-04-04 10:13:55', '2024-03-28 11:13:55', '2024-03-28 11:13:55'),
	(46, 1, '40d806fb-5eba-497d-9d6a-f30aa26a0a45', '2024-04-04 10:15:10', '2024-03-28 11:15:10', '2024-03-28 11:15:10'),
	(47, 1, '1d8a9ba6-f71c-431e-b535-87e68d302719', '2024-04-04 10:20:11', '2024-03-28 11:20:11', '2024-03-28 11:20:11'),
	(48, 1, 'e6d3a0cb-8f8f-438b-84d5-213fa3807595', '2024-04-04 10:23:30', '2024-03-28 11:23:30', '2024-03-28 11:23:30'),
	(49, 1, 'e9a104f8-924f-428c-b094-d50fcba06df6', '2024-04-04 10:24:49', '2024-03-28 11:24:49', '2024-03-28 11:24:49'),
	(50, 1, '5a932d39-a9a0-4dc6-8f34-a6e971227edd', '2024-04-04 10:28:32', '2024-03-28 11:28:32', '2024-03-28 11:28:32'),
	(51, 1, '9273e2e5-7ee0-412f-8253-84e0a334e49c', '2024-04-04 10:29:35', '2024-03-28 11:29:35', '2024-03-28 11:29:35'),
	(52, 1, '50fd9788-dfd6-4df9-9c13-e8caa283ec6e', '2024-04-04 11:04:47', '2024-03-28 12:04:47', '2024-03-28 12:04:47'),
	(53, 1, 'd11a1cc9-4b44-4a19-a229-3339a0de87e3', '2024-04-04 13:00:15', '2024-03-28 14:00:15', '2024-03-28 14:00:15'),
	(54, 1, 'ab8ef877-38e7-4a41-9582-4c44343b8809', '2024-04-04 13:24:35', '2024-03-28 14:24:35', '2024-03-28 14:24:35'),
	(55, 1, 'aadca56b-1de9-483f-820c-7d21f718340e', '2024-04-04 13:25:47', '2024-03-28 14:25:47', '2024-03-28 14:25:47'),
	(56, 1, '8de1bd88-b25e-4f7a-af8b-c9598d525dcc', '2024-04-05 06:50:08', '2024-03-29 07:50:08', '2024-03-29 07:50:08'),
	(57, 1, 'f08c697a-80d8-4568-afb6-e39525ce9add', '2024-04-05 06:51:58', '2024-03-29 07:51:58', '2024-03-29 07:51:58'),
	(58, 1, '9f55f595-1163-4cb7-a286-6c891698db0a', '2024-04-05 06:52:31', '2024-03-29 07:52:31', '2024-03-29 07:52:31'),
	(59, 1, 'b31132b1-336c-4aa1-bf92-e7a7f4eae5ef', '2024-04-05 06:59:21', '2024-03-29 07:59:21', '2024-03-29 07:59:21'),
	(60, 1, '411197f0-5ce4-445f-9242-6950d827053e', '2024-04-05 06:59:59', '2024-03-29 07:59:59', '2024-03-29 07:59:59'),
	(61, 1, 'af9f033e-6d99-43c8-80b5-fe756b96d6c3', '2024-04-05 07:03:25', '2024-03-29 08:03:25', '2024-03-29 08:03:25'),
	(62, 1, 'bd1f94b9-94ea-4c0c-b0e5-4e846213b08d', '2024-04-05 07:57:23', '2024-03-29 08:57:23', '2024-03-29 08:57:23'),
	(63, 20, '48bdae98-d337-4aa3-abf1-4f99fa9dbe92', '2024-04-12 08:39:43', '2024-04-05 08:39:43', '2024-04-05 08:39:43'),
	(64, 20, '47cc52cd-22fa-4f5d-9f5c-839cedd036d8', '2024-04-12 08:40:16', '2024-04-05 08:40:16', '2024-04-05 08:40:16'),
	(67, 20, 'bed26a8a-db14-4c23-bcb7-8d22df4fed10', '2024-04-12 08:43:50', '2024-04-05 08:43:16', '2024-04-05 08:43:50'),
	(68, 20, 'ab6b1a84-66af-4a4b-87d1-e62a0f4a0bdc', '2024-04-12 08:48:22', '2024-04-05 08:47:54', '2024-04-05 08:48:22'),
	(69, 20, 'e4a3b529-f9c3-4f43-ad51-b36b14312fcc', '2024-04-12 08:49:38', '2024-04-05 08:49:01', '2024-04-05 08:49:38'),
	(73, 20, '2039ebf7-a276-4184-86a6-6d8d6d1c8a8d', '2024-04-12 10:17:49', '2024-04-05 10:16:13', '2024-04-05 10:17:49'),
	(76, 20, '5493c417-8826-469b-9242-779005add9dc', '2024-04-12 10:22:52', '2024-04-05 10:21:55', '2024-04-05 10:22:52'),
	(77, 20, '9739a88c-ca3b-4d80-8433-ed90740e62c0', '2024-04-12 10:39:07', '2024-04-05 10:38:54', '2024-04-05 10:39:07'),
	(78, 20, '51b8f50d-82ae-4b02-8b77-72ca00c1228a', '2024-04-12 10:41:23', '2024-04-05 10:40:51', '2024-04-05 10:41:23'),
	(79, 20, '62ad700a-9179-4d5f-9f85-c25971b36617', '2024-04-12 10:45:35', '2024-04-05 10:45:13', '2024-04-05 10:45:35'),
	(81, 20, 'b08ddfe6-44ee-43fe-9a8f-f4558515dbbf', '2024-04-12 10:52:43', '2024-04-05 10:52:43', '2024-04-05 10:52:43'),
	(82, 20, '88a356fc-9d30-4f31-869a-4ce6e04f1d9b', '2024-04-12 10:55:10', '2024-04-05 10:55:10', '2024-04-05 10:55:10'),
	(83, 20, '7bfb54fc-daa5-4620-ae4b-84139d46533d', '2024-04-12 11:07:14', '2024-04-05 11:03:33', '2024-04-05 11:07:14'),
	(84, 20, '9aafd5f0-0f8d-4ee4-896d-8e3ee39c51b0', '2024-04-12 11:15:10', '2024-04-05 11:06:10', '2024-04-05 11:15:10'),
	(85, 20, 'bc37cf11-e23b-4282-9b91-148241cdcadd', '2024-04-12 12:19:08', '2024-04-05 11:15:56', '2024-04-05 12:19:08'),
	(86, 20, 'c1557a68-abf8-4bd8-a193-b3fcca914e6b', '2024-04-12 12:31:19', '2024-04-05 12:22:35', '2024-04-05 12:31:19'),
	(87, 20, '621c1ad4-2868-40c7-845a-3b4702f84ba9', '2024-04-12 12:52:10', '2024-04-05 12:51:13', '2024-04-05 12:52:10'),
	(88, 20, 'b00ab67c-bc84-46df-95eb-2b421e83d69b', '2024-04-12 13:00:29', '2024-04-05 12:58:34', '2024-04-05 13:00:29'),
	(89, 20, 'f00da152-8c92-4a7b-aaa0-8ad596a2ceed', '2024-04-15 06:48:18', '2024-04-08 06:26:23', '2024-04-08 06:48:18'),
	(90, 20, '2bcde77a-e04b-4b0e-b7e6-ab23cf2b3a23', '2024-04-15 08:49:56', '2024-04-08 06:51:23', '2024-04-08 08:49:56'),
	(91, 20, '1a4468ec-5a98-4b82-83c2-984fc62af6c5', '2024-04-15 07:12:10', '2024-04-08 07:12:10', '2024-04-08 07:12:10'),
	(92, 20, '045a407d-4150-49d6-8bed-c841d920bcec', '2024-04-15 07:13:02', '2024-04-08 07:13:02', '2024-04-08 07:13:02'),
	(93, 20, '256ba93c-799c-484f-876a-a8cd6ca5cd1a', '2024-04-15 08:51:07', '2024-04-08 08:51:07', '2024-04-08 08:51:07'),
	(94, 20, 'bbd7c958-3703-4214-9e5d-f4de41ce8ea3', '2024-04-15 08:53:21', '2024-04-08 08:53:21', '2024-04-08 08:53:21'),
	(95, 20, 'b187248b-5fc6-4e17-9223-7a06efcbac43', '2024-04-15 09:14:12', '2024-04-08 09:14:12', '2024-04-08 09:14:12'),
	(96, 20, '08ac8024-49f2-4f15-8980-8f1988b245dd', '2024-04-16 09:54:01', '2024-04-09 09:54:01', '2024-04-09 09:54:01'),
	(97, 20, '58560806-f436-4997-ab2d-e40e9970dae7', '2024-04-16 09:56:19', '2024-04-09 09:56:19', '2024-04-09 09:56:19'),
	(98, 20, 'd237c690-a9e0-4010-8858-2f916d366340', '2024-04-16 09:56:19', '2024-04-09 09:56:19', '2024-04-09 09:56:19'),
	(99, 20, '3b1e52c8-4503-4881-b84d-27d0b7fb054d', '2024-04-16 09:57:32', '2024-04-09 09:57:32', '2024-04-09 09:57:32'),
	(100, 20, 'b2943f70-789d-47fd-aa86-4498b18acdac', '2024-04-16 09:57:32', '2024-04-09 09:57:32', '2024-04-09 09:57:32'),
	(101, 20, '898b5847-f20c-45bc-92b4-2e23b07ad2d5', '2024-04-16 09:57:50', '2024-04-09 09:57:50', '2024-04-09 09:57:50'),
	(102, 20, '5c044046-caf9-4364-91d1-6528f3dba528', '2024-04-16 09:57:50', '2024-04-09 09:57:50', '2024-04-09 09:57:50'),
	(103, 20, '98696924-9f95-472e-ad77-5319fe8442bc', '2024-04-16 09:58:05', '2024-04-09 09:58:05', '2024-04-09 09:58:05'),
	(104, 20, 'b191c5c1-9518-43e8-b574-a1b142f5aac4', '2024-04-16 09:58:05', '2024-04-09 09:58:05', '2024-04-09 09:58:05'),
	(105, 20, '401373d1-d3ed-4f9f-8b62-9185606e8a95', '2024-04-16 09:58:30', '2024-04-09 09:58:30', '2024-04-09 09:58:30'),
	(106, 20, '2734c5a9-aba1-4934-bf32-eca83251c644', '2024-04-16 09:58:30', '2024-04-09 09:58:30', '2024-04-09 09:58:30'),
	(107, 20, 'a3011594-e005-469a-b4f5-4e7e5d681b4f', '2024-04-16 09:58:39', '2024-04-09 09:58:39', '2024-04-09 09:58:39'),
	(108, 20, '44ef2c64-0f86-4980-8e55-fc181e43c7e8', '2024-04-16 09:58:39', '2024-04-09 09:58:39', '2024-04-09 09:58:39'),
	(109, 20, '53ddc238-2152-4648-a50b-297f3a9d9a44', '2024-04-16 09:59:08', '2024-04-09 09:59:08', '2024-04-09 09:59:08'),
	(110, 20, '8ad96beb-26b0-4690-9748-4f55b1eeedff', '2024-04-16 09:59:08', '2024-04-09 09:59:08', '2024-04-09 09:59:08'),
	(111, 20, 'af085778-1f5e-45eb-83d8-4572715652c8', '2024-04-16 09:59:17', '2024-04-09 09:59:17', '2024-04-09 09:59:17'),
	(112, 20, 'bce60ea2-112a-4d60-978d-c8c19e622851', '2024-04-16 09:59:17', '2024-04-09 09:59:17', '2024-04-09 09:59:17'),
	(113, 20, '4561bf79-40d6-4781-b392-cb53089a9cb7', '2024-04-16 09:59:27', '2024-04-09 09:59:27', '2024-04-09 09:59:27'),
	(114, 20, '2c05e3bb-060a-4679-a933-3dcb11ec5979', '2024-04-16 09:59:27', '2024-04-09 09:59:27', '2024-04-09 09:59:27'),
	(115, 20, 'af07f976-3b08-456f-aeac-a91679bf6d05', '2024-04-16 09:59:37', '2024-04-09 09:59:37', '2024-04-09 09:59:37'),
	(116, 20, '224ddcc1-6493-4a7d-96a2-e30bbab87f64', '2024-04-16 09:59:37', '2024-04-09 09:59:37', '2024-04-09 09:59:37'),
	(117, 20, 'a4c8689c-0249-406e-9e97-1d3a009a43fa', '2024-04-16 09:59:55', '2024-04-09 09:59:55', '2024-04-09 09:59:55'),
	(118, 20, '1cd25076-e0b1-4bba-96be-deb45d22d44e', '2024-04-16 09:59:55', '2024-04-09 09:59:55', '2024-04-09 09:59:55'),
	(119, 20, '4091fa65-0b66-4218-881e-172642e31b4e', '2024-04-16 10:00:03', '2024-04-09 10:00:03', '2024-04-09 10:00:03'),
	(120, 20, 'eecf3ced-ac96-43c8-bd9d-1732b37d50a5', '2024-04-16 10:00:04', '2024-04-09 10:00:04', '2024-04-09 10:00:04'),
	(121, 20, '4ac1e72c-83ee-4abf-b7da-804437e5efe3', '2024-04-16 10:00:23', '2024-04-09 10:00:23', '2024-04-09 10:00:23'),
	(122, 20, 'ba2a7e85-d58a-4325-8ba0-3d0b18902a84', '2024-04-16 10:00:23', '2024-04-09 10:00:23', '2024-04-09 10:00:23'),
	(123, 20, '18264e1b-d67d-45d8-8a8a-44f5cc6c67fe', '2024-04-16 10:00:56', '2024-04-09 10:00:56', '2024-04-09 10:00:56'),
	(124, 20, '2e4de597-205d-47e6-b83d-a6f1d9fe31f4', '2024-04-16 10:00:56', '2024-04-09 10:00:56', '2024-04-09 10:00:56'),
	(125, 20, '7fcc6198-99b4-41d2-b363-d92f4416b0a9', '2024-04-16 10:01:18', '2024-04-09 10:01:18', '2024-04-09 10:01:18'),
	(126, 20, '67d893b9-8a60-4f83-a32e-b9dd33e05fe4', '2024-04-16 10:02:15', '2024-04-09 10:02:15', '2024-04-09 10:02:15'),
	(127, 20, 'fde26f74-df0f-4825-9154-b6b5d9093c9c', '2024-04-16 10:02:53', '2024-04-09 10:02:53', '2024-04-09 10:02:53'),
	(128, 20, '58859d6c-b806-420e-9112-424226158a47', '2024-04-16 10:05:03', '2024-04-09 10:05:03', '2024-04-09 10:05:03'),
	(129, 20, 'd8b00dc7-ff32-45ea-a807-94d9dbcb1aca', '2024-04-16 10:05:45', '2024-04-09 10:05:45', '2024-04-09 10:05:45'),
	(130, 20, '37901ac4-6c02-4384-a8bb-0a4c4068024c', '2024-04-16 10:06:15', '2024-04-09 10:06:15', '2024-04-09 10:06:15'),
	(131, 20, 'db1f32ef-a8aa-4567-bf0b-d3d140a7af7f', '2024-04-16 10:06:51', '2024-04-09 10:06:51', '2024-04-09 10:06:51'),
	(132, 20, 'c4ed7208-0f00-4f89-940b-19648028b5f6', '2024-04-16 10:07:34', '2024-04-09 10:07:34', '2024-04-09 10:07:34'),
	(133, 20, 'f1433d66-06b8-456e-ba38-b4752e0b8d47', '2024-04-16 10:07:55', '2024-04-09 10:07:55', '2024-04-09 10:07:55'),
	(134, 20, '77b36a9d-c969-45b2-9d75-1b64d33feb9b', '2024-04-16 10:08:05', '2024-04-09 10:08:05', '2024-04-09 10:08:05'),
	(135, 20, '87810953-7c68-4833-8fbb-95b4316b4c6d', '2024-04-16 10:09:18', '2024-04-09 10:09:18', '2024-04-09 10:09:18'),
	(136, 20, '3e47a26d-ee59-42de-8c3b-be69e0ce5462', '2024-04-16 11:45:51', '2024-04-09 10:11:07', '2024-04-09 11:45:51'),
	(137, 20, '32f95b9c-7480-4d0d-9a31-6d0d8ef08943', '2024-04-16 10:11:48', '2024-04-09 10:11:48', '2024-04-09 10:11:48'),
	(138, 20, 'bb02bd1f-52b9-43ab-8215-3e6ec19697d1', '2024-04-16 10:12:27', '2024-04-09 10:12:27', '2024-04-09 10:12:27'),
	(139, 20, '72117834-fe86-4b7c-b945-8ffdb7982f33', '2024-04-16 10:12:38', '2024-04-09 10:12:38', '2024-04-09 10:12:38'),
	(140, 20, 'bf3c2a5a-5b88-4b84-a0c6-a63d7c2d236e', '2024-04-16 10:13:00', '2024-04-09 10:13:00', '2024-04-09 10:13:00'),
	(141, 20, '78b1c719-07d8-4a23-927d-f246f740bda0', '2024-04-16 10:13:09', '2024-04-09 10:13:09', '2024-04-09 10:13:09'),
	(142, 20, '318aed97-a80c-4f69-b8fb-eac46c90f212', '2024-04-16 10:14:05', '2024-04-09 10:14:05', '2024-04-09 10:14:05'),
	(143, 20, '3863d057-b42d-4e1f-a613-4d32204388fa', '2024-04-16 10:14:45', '2024-04-09 10:14:45', '2024-04-09 10:14:45'),
	(144, 20, 'f13e4a7b-aa14-4fb2-b280-e1231ba768ff', '2024-04-16 10:15:01', '2024-04-09 10:15:01', '2024-04-09 10:15:01'),
	(145, 20, '67b8d68c-c069-4328-92f8-25e55aff11db', '2024-04-16 10:15:26', '2024-04-09 10:15:26', '2024-04-09 10:15:26'),
	(146, 20, '51228c2c-d2ad-450d-9641-caa5abc178b7', '2024-04-16 10:15:43', '2024-04-09 10:15:43', '2024-04-09 10:15:43'),
	(147, 20, '269d84f3-491b-4d22-91e9-be84562daef9', '2024-04-16 10:16:37', '2024-04-09 10:16:37', '2024-04-09 10:16:37'),
	(663, 20, '0676d277-f7a0-423b-a83b-146b2051e44c', '2024-04-19 10:36:57', '2024-04-11 07:52:38', '2024-04-12 10:36:57'),
	(664, 20, '31aa91b8-b1f4-4ea2-b2ab-2ee0a8e05880', '2024-04-18 08:54:23', '2024-04-11 08:54:23', '2024-04-11 08:54:23'),
	(665, 20, '422d3a65-0ff1-4cf4-8077-2b23f8de7097', '2024-04-18 09:13:42', '2024-04-11 09:13:42', '2024-04-11 09:13:42'),
	(666, 20, 'accbb7fa-d979-4ff6-8db2-4de1f42b6286', '2024-04-18 09:25:08', '2024-04-11 09:25:08', '2024-04-11 09:25:08'),
	(667, 20, '64ef849e-e2b1-4773-8b85-5102ad128b24', '2024-04-18 10:44:11', '2024-04-11 10:44:11', '2024-04-11 10:44:11'),
	(668, 20, '35d61193-e59d-4ef4-8567-c862ef7f1efe', '2024-04-18 12:40:05', '2024-04-11 12:40:05', '2024-04-11 12:40:05'),
	(669, 20, '6274455b-3472-4b3f-b37e-e8e8976af52f', '2024-04-19 09:57:22', '2024-04-12 09:45:42', '2024-04-12 09:57:22'),
	(670, 20, 'fdd77fc7-530c-42d6-8d2c-568639e60ca8', '2024-04-25 08:51:59', '2024-04-12 10:24:26', '2024-04-18 08:51:59'),
	(671, 20, '4020ddba-a084-424d-afd6-fa88ff821e43', '2024-04-23 07:25:14', '2024-04-12 11:56:16', '2024-04-16 07:25:14'),
	(672, 20, '0f07ec1e-2732-47e1-9633-5723671f310b', '2024-04-19 12:57:50', '2024-04-12 12:57:50', '2024-04-12 12:57:50'),
	(673, 20, '05a46dc9-8b95-477d-a476-0da48666a246', '2024-04-19 13:03:27', '2024-04-12 13:03:27', '2024-04-12 13:03:27'),
	(674, 20, '1562baa7-d89d-4279-bbac-bbbe000ef9e3', '2024-04-19 13:03:27', '2024-04-12 13:03:27', '2024-04-12 13:03:27'),
	(675, 20, 'dd6d7309-6191-4f94-91da-20985169d173', '2024-04-19 13:03:27', '2024-04-12 13:03:27', '2024-04-12 13:03:27'),
	(676, 20, '4b5ca750-d5a1-4d8e-a52e-68dc15319ac4', '2024-04-19 13:03:27', '2024-04-12 13:03:27', '2024-04-12 13:03:27'),
	(677, 20, 'd660364e-5777-4c40-aab9-4a23de91bb73', '2024-04-19 13:03:27', '2024-04-12 13:03:27', '2024-04-12 13:03:27'),
	(679, 20, '2bf78348-77f3-4216-8750-c8e60f794daf', '2024-04-19 13:03:27', '2024-04-12 13:03:27', '2024-04-12 13:03:27'),
	(680, 20, '5b6edcb0-cdf5-49a5-8f7b-6d0ac5790ca7', '2024-04-19 13:03:27', '2024-04-12 13:03:27', '2024-04-12 13:03:27'),
	(681, 20, '8e3911fe-2d93-4568-8b15-fb8ff9e546f7', '2024-04-19 13:03:28', '2024-04-12 13:03:28', '2024-04-12 13:03:28'),
	(682, 20, 'e9ffc070-52e0-4b15-b362-9172f5211188', '2024-04-19 13:03:28', '2024-04-12 13:03:28', '2024-04-12 13:03:28'),
	(683, 20, 'e5b026bc-54c4-4578-a92e-09134cec4962', '2024-04-19 13:03:28', '2024-04-12 13:03:28', '2024-04-12 13:03:28'),
	(684, 20, '65eded3c-2972-4829-a056-00ab443d035c', '2024-04-19 13:03:28', '2024-04-12 13:03:28', '2024-04-12 13:03:28'),
	(685, 20, 'dee2bc8f-20a1-4832-91af-3c8a5e198816', '2024-04-19 13:03:28', '2024-04-12 13:03:28', '2024-04-12 13:03:28'),
	(686, 20, '509fb9eb-cf42-4b17-8b9f-b2084cea227d', '2024-04-19 13:03:28', '2024-04-12 13:03:28', '2024-04-12 13:03:28'),
	(687, 20, 'd0792252-f39e-4539-b417-8b988c10b6de', '2024-04-19 13:03:54', '2024-04-12 13:03:54', '2024-04-12 13:03:54'),
	(689, 20, '56b49ae0-c16a-4eaf-b371-cacffdb637a8', '2024-04-19 13:03:55', '2024-04-12 13:03:55', '2024-04-12 13:03:55'),
	(690, 20, '5aa9566b-247f-49e9-ac0b-4ac9b7a9e8d5', '2024-04-19 13:03:55', '2024-04-12 13:03:55', '2024-04-12 13:03:55'),
	(691, 20, '87bb6971-a1a7-494a-a731-c27e997347bc', '2024-04-19 13:03:55', '2024-04-12 13:03:55', '2024-04-12 13:03:55'),
	(692, 20, '4dd9819e-6239-42c0-b568-2f131342661f', '2024-04-19 13:03:55', '2024-04-12 13:03:55', '2024-04-12 13:03:55'),
	(693, 20, '6ed6c66a-5427-4b38-92d8-7e1a04dae476', '2024-04-19 13:03:55', '2024-04-12 13:03:55', '2024-04-12 13:03:55'),
	(694, 20, '046b8057-3358-448e-89e4-93766f3d1fa8', '2024-04-19 13:03:55', '2024-04-12 13:03:55', '2024-04-12 13:03:55'),
	(695, 20, '2c41046e-f11f-49c4-b277-b79c82d70795', '2024-04-19 13:03:55', '2024-04-12 13:03:55', '2024-04-12 13:03:55'),
	(696, 20, '338bdc2c-eefb-4e51-99a9-048df1f2d209', '2024-04-19 13:03:55', '2024-04-12 13:03:55', '2024-04-12 13:03:55'),
	(697, 20, '31113f5e-297a-4bea-bf55-e83f2108a47b', '2024-04-19 13:03:55', '2024-04-12 13:03:55', '2024-04-12 13:03:55'),
	(698, 20, '181e0004-35d3-4bdd-aeb1-2e2caac38b49', '2024-04-19 13:03:55', '2024-04-12 13:03:55', '2024-04-12 13:03:55'),
	(699, 20, 'c7a743a6-c83b-4b58-b4d4-2d5961f1b5f6', '2024-04-19 13:03:55', '2024-04-12 13:03:55', '2024-04-12 13:03:55'),
	(700, 20, 'e556664d-795b-4aac-b88e-27ddf995bde4', '2024-04-19 13:03:55', '2024-04-12 13:03:55', '2024-04-12 13:03:55'),
	(701, 20, 'cb11a18a-3449-45cc-986c-3f5ca4fbc246', '2024-04-19 13:09:49', '2024-04-12 13:09:49', '2024-04-12 13:09:49'),
	(702, 20, '1d08a031-d685-4961-be5f-e3101a7d8abd', '2024-04-19 13:09:49', '2024-04-12 13:09:49', '2024-04-12 13:09:49'),
	(703, 20, '68e8dfb8-b464-4aa6-9f95-8ed73236fefc', '2024-04-19 13:10:08', '2024-04-12 13:10:08', '2024-04-12 13:10:08'),
	(705, 20, '2900e92a-ce85-4873-98d7-177e50d784d1', '2024-04-19 13:14:05', '2024-04-12 13:14:05', '2024-04-12 13:14:05'),
	(707, 20, '1b2fa1f0-4ffa-4369-927d-efaea0c1b1b7', '2024-04-19 13:15:23', '2024-04-12 13:15:23', '2024-04-12 13:15:23'),
	(709, 20, '49c124a1-3ad7-4d0c-a7c1-fbc37c4dae06', '2024-04-19 13:15:28', '2024-04-12 13:15:28', '2024-04-12 13:15:28'),
	(710, 20, '9b9d9277-9fae-487a-8a72-eaeb6bef53b7', '2024-04-19 13:15:28', '2024-04-12 13:15:28', '2024-04-12 13:15:28'),
	(711, 20, 'b5cc5a1e-a446-4f3d-b418-47a65101cd4e', '2024-04-19 13:15:46', '2024-04-12 13:15:46', '2024-04-12 13:15:46'),
	(712, 20, '0c4f1ca4-01c6-44b6-aae7-83192dad2213', '2024-04-19 13:15:46', '2024-04-12 13:15:46', '2024-04-12 13:15:46'),
	(713, 20, '83b6d75b-e426-4bea-b8a4-ec5c8f8b5e14', '2024-04-19 13:15:50', '2024-04-12 13:15:50', '2024-04-12 13:15:50'),
	(715, 20, '150ca398-5ba0-4f90-9f8c-5ef2ca995e04', '2024-04-19 13:16:07', '2024-04-12 13:16:07', '2024-04-12 13:16:07'),
	(716, 20, '6facc114-1f93-4be7-b8f7-aff1a20432e4', '2024-04-19 13:16:07', '2024-04-12 13:16:07', '2024-04-12 13:16:07'),
	(717, 20, '130dcc1a-f472-4005-9971-153297762f25', '2024-04-19 13:23:23', '2024-04-12 13:23:23', '2024-04-12 13:23:23'),
	(718, 20, '418ecb95-fc36-445b-8ad3-72ac4686572d', '2024-04-19 13:23:24', '2024-04-12 13:23:24', '2024-04-12 13:23:24'),
	(719, 20, '698804ef-11b4-4d1f-a9de-2ba44b061fc1', '2024-04-19 13:23:29', '2024-04-12 13:23:29', '2024-04-12 13:23:29'),
	(720, 20, '5265fd60-bbc4-426b-a3f7-2f0c74d9a350', '2024-04-19 13:23:29', '2024-04-12 13:23:29', '2024-04-12 13:23:29'),
	(721, 20, '03949a51-8abc-4484-a00f-731c88bcb52e', '2024-04-19 13:25:12', '2024-04-12 13:25:12', '2024-04-12 13:25:12'),
	(723, 20, '96727d37-59f0-4d97-959c-5d1cb9823d92', '2024-04-19 13:25:16', '2024-04-12 13:25:16', '2024-04-12 13:25:16'),
	(725, 20, '3a742b61-dde4-4b36-bb8f-0651d8aa9d41', '2024-04-19 13:25:19', '2024-04-12 13:25:19', '2024-04-12 13:25:19'),
	(727, 20, '8d08359b-fb8d-41a0-a25b-5749d62027e6', '2024-04-19 13:25:23', '2024-04-12 13:25:23', '2024-04-12 13:25:23'),
	(729, 20, '0f9b20ca-ecdb-4355-9761-387591695807', '2024-04-19 13:25:30', '2024-04-12 13:25:30', '2024-04-12 13:25:30'),
	(731, 20, '932d99b7-23e1-422b-8212-8e99d8d5f238', '2024-04-19 13:25:36', '2024-04-12 13:25:36', '2024-04-12 13:25:36'),
	(732, 20, '263a5a45-5824-494f-ad96-54b4cce5513f', '2024-04-19 13:25:36', '2024-04-12 13:25:36', '2024-04-12 13:25:36'),
	(733, 20, 'a8984122-6227-41f2-98c9-de17599300e7', '2024-04-19 13:27:55', '2024-04-12 13:27:55', '2024-04-12 13:27:55'),
	(735, 20, '65bb4054-765d-41d4-bb41-d4330a3ee691', '2024-04-19 13:28:15', '2024-04-12 13:28:15', '2024-04-12 13:28:15'),
	(736, 20, 'e4b37f87-1e21-4257-b94b-2d9802068f86', '2024-04-19 13:28:20', '2024-04-12 13:28:20', '2024-04-12 13:28:20'),
	(737, 20, '93bec7f3-1836-4af4-8f35-e65955894fde', '2024-04-19 13:28:42', '2024-04-12 13:28:42', '2024-04-12 13:28:42'),
	(738, 20, '33a4f6df-9b65-41ff-9095-dd11525d70d3', '2024-04-19 13:28:42', '2024-04-12 13:28:42', '2024-04-12 13:28:42'),
	(739, 20, '1ab95e31-3c6e-425e-8b0c-674d9d9d6724', '2024-04-19 13:29:47', '2024-04-12 13:29:47', '2024-04-12 13:29:47'),
	(741, 20, '658eb10b-87c4-4d68-a994-95aa84e8d1e3', '2024-04-19 13:29:51', '2024-04-12 13:29:51', '2024-04-12 13:29:51'),
	(743, 20, '7770909e-5230-4b92-bae0-d518d97b1b75', '2024-04-19 13:29:55', '2024-04-12 13:29:55', '2024-04-12 13:29:55'),
	(744, 20, '0997b6a6-ea1c-414a-b719-7d13f870529f', '2024-04-19 13:29:56', '2024-04-12 13:29:56', '2024-04-12 13:29:56'),
	(745, 20, 'f1707dab-efc2-47ea-8844-855f9389ecad', '2024-04-19 13:30:36', '2024-04-12 13:30:36', '2024-04-12 13:30:36'),
	(746, 20, '6f00d85e-48f5-49ff-989f-cb786d99e6b5', '2024-04-19 13:30:36', '2024-04-12 13:30:36', '2024-04-12 13:30:36'),
	(747, 20, 'c1698040-1761-4a57-b23d-51a918b2fc2e', '2024-04-19 13:30:40', '2024-04-12 13:30:40', '2024-04-12 13:30:40'),
	(748, 20, '4daaf399-8590-4bb8-9e1b-42b484ed7f4e', '2024-04-19 13:30:40', '2024-04-12 13:30:40', '2024-04-12 13:30:40'),
	(749, 20, '01e0d5ba-a888-42e3-a338-4e3e5a8b5a20', '2024-04-19 13:30:49', '2024-04-12 13:30:49', '2024-04-12 13:30:49'),
	(750, 20, '7674f781-16e2-45cd-a085-7d934caea086', '2024-04-19 13:30:49', '2024-04-12 13:30:49', '2024-04-12 13:30:49'),
	(751, 20, 'a6be5caa-7778-4535-897e-243b3fee062e', '2024-04-19 13:31:10', '2024-04-12 13:31:10', '2024-04-12 13:31:10'),
	(753, 20, '86a3f58d-35a0-4043-8ca4-29b93a8f5365', '2024-04-19 13:31:16', '2024-04-12 13:31:16', '2024-04-12 13:31:16'),
	(754, 20, '36b251be-cf55-4817-8ce8-53507687477d', '2024-04-19 13:31:16', '2024-04-12 13:31:16', '2024-04-12 13:31:16'),
	(755, 20, '8b00c092-d023-40e6-bf33-09874704322f', '2024-04-19 13:31:19', '2024-04-12 13:31:19', '2024-04-12 13:31:19'),
	(757, 20, '453f4358-879f-4b99-b07f-9b30989c6d4c', '2024-04-19 13:31:43', '2024-04-12 13:31:43', '2024-04-12 13:31:43'),
	(758, 20, '993ae30a-2285-4640-9991-199e5cb102e9', '2024-04-19 13:31:43', '2024-04-12 13:31:43', '2024-04-12 13:31:43'),
	(759, 20, '71dc1278-f1dd-48f4-a118-e933a1fab62b', '2024-04-19 13:31:50', '2024-04-12 13:31:50', '2024-04-12 13:31:50'),
	(761, 20, 'eb10fe35-9241-4685-9d6d-ede4f91b74d4', '2024-04-19 13:31:54', '2024-04-12 13:31:54', '2024-04-12 13:31:54'),
	(762, 20, 'bbc98902-5347-462c-a7d3-1726c31206ae', '2024-04-19 13:31:55', '2024-04-12 13:31:55', '2024-04-12 13:31:55'),
	(763, 20, '4f6e52ce-3ae9-4b35-87cb-25e2357234a8', '2024-04-19 13:32:01', '2024-04-12 13:32:01', '2024-04-12 13:32:01'),
	(765, 20, '5e4d1ae5-ea1d-41ac-ac34-b3c3669e0433', '2024-04-19 13:34:15', '2024-04-12 13:34:15', '2024-04-12 13:34:15'),
	(767, 20, '60082b4d-8cc5-4be5-a31d-a39c973a4cca', '2024-04-19 13:34:35', '2024-04-12 13:34:35', '2024-04-12 13:34:35'),
	(769, 20, '7c51e9ac-60e6-4aa8-b035-42d101515ed0', '2024-04-19 13:34:40', '2024-04-12 13:34:40', '2024-04-12 13:34:40'),
	(770, 20, '3baf641f-63a6-41a4-9dc4-234ad91c8fdc', '2024-04-19 13:34:41', '2024-04-12 13:34:40', '2024-04-12 13:34:41'),
	(771, 20, '1c592a3c-a55f-4e65-a04b-94e9d6aada49', '2024-04-19 13:39:29', '2024-04-12 13:39:29', '2024-04-12 13:39:29'),
	(773, 20, '41d7a923-bef9-4e93-b6dc-6dcb653294c5', '2024-04-19 13:39:33', '2024-04-12 13:39:33', '2024-04-12 13:39:33'),
	(775, 20, '951d5eef-df5e-45e8-aff7-c72510fb61cb', '2024-04-19 13:39:47', '2024-04-12 13:39:47', '2024-04-12 13:39:47'),
	(777, 20, '7bbf4267-5783-4e51-9ac9-c472db3147ae', '2024-04-19 13:39:50', '2024-04-12 13:39:50', '2024-04-12 13:39:50'),
	(778, 20, '68d38c99-5ebb-4177-a832-2ecd663eb404', '2024-04-19 13:39:50', '2024-04-12 13:39:50', '2024-04-12 13:39:50'),
	(779, 20, '4ce7e011-1af4-4123-b429-884b996dfe2e', '2024-04-19 13:39:53', '2024-04-12 13:39:53', '2024-04-12 13:39:53'),
	(780, 20, 'b987ae11-e79e-444d-bf48-47b19c17f8df', '2024-04-19 13:39:53', '2024-04-12 13:39:53', '2024-04-12 13:39:53'),
	(781, 20, '68cfa7bd-cd64-4654-9903-ce6e45fe7092', '2024-04-19 13:39:57', '2024-04-12 13:39:57', '2024-04-12 13:39:57'),
	(783, 20, 'e5ca18a7-14b5-4736-b2ce-d60a7fe1d787', '2024-04-19 13:40:00', '2024-04-12 13:40:00', '2024-04-12 13:40:00'),
	(785, 20, 'a8248ad5-6933-465e-9d43-13e24f361f87', '2024-04-19 13:42:20', '2024-04-12 13:42:20', '2024-04-12 13:42:20'),
	(786, 20, '5691f01b-858f-4c2d-bdee-2b83feb7989d', '2024-04-19 13:42:21', '2024-04-12 13:42:20', '2024-04-12 13:42:21'),
	(787, 20, '61951c56-a42b-4670-8820-c0a9e47173a8', '2024-04-19 13:42:26', '2024-04-12 13:42:26', '2024-04-12 13:42:26'),
	(789, 20, '27153ca0-0cea-4ae1-989e-9c57183653ba', '2024-04-19 13:42:38', '2024-04-12 13:42:38', '2024-04-12 13:42:38'),
	(791, 20, '40b0c1cf-b10e-4b0b-acaf-f0b9fe2863b6', '2024-04-19 13:43:47', '2024-04-12 13:43:47', '2024-04-12 13:43:47'),
	(793, 20, 'f7025b46-9c82-4b75-b190-fc9bb7bc0e69', '2024-04-19 13:43:53', '2024-04-12 13:43:53', '2024-04-12 13:43:53'),
	(794, 20, '2054d87b-eb6a-41fd-b51c-91111bf17305', '2024-04-19 13:43:54', '2024-04-12 13:43:54', '2024-04-12 13:43:54'),
	(795, 20, '823e567d-f026-4c57-ad0d-f498d142811d', '2024-04-19 13:45:25', '2024-04-12 13:45:25', '2024-04-12 13:45:25'),
	(796, 20, 'd8ad7e0f-df3f-4772-aced-8a20978b5b2d', '2024-04-19 13:45:27', '2024-04-12 13:45:26', '2024-04-12 13:45:27'),
	(797, 20, 'd555a2de-13b7-4c12-bbe5-aeb402c9ed6c', '2024-04-19 13:45:55', '2024-04-12 13:45:55', '2024-04-12 13:45:55'),
	(799, 20, '4dd56560-a645-43d5-ae2d-aa2f2890a6e1', '2024-04-19 13:47:00', '2024-04-12 13:47:00', '2024-04-12 13:47:00'),
	(801, 20, '3e7f47ab-c5dc-415d-8a9a-8af66ffff4cd', '2024-04-19 13:47:06', '2024-04-12 13:47:06', '2024-04-12 13:47:06'),
	(805, 20, '952688ba-cbff-47ef-b900-bfb180e3c32e', '2024-04-23 08:09:10', '2024-04-16 08:09:10', '2024-04-16 08:09:10'),
	(806, 20, '193aba7d-fd70-4913-9cf6-a2bc312632f5', '2024-04-23 08:09:16', '2024-04-16 08:09:16', '2024-04-16 08:09:16'),
	(808, 20, '237e4272-8aed-42d8-a063-53a99c58b6b4', '2024-04-23 08:09:51', '2024-04-16 08:09:51', '2024-04-16 08:09:51'),
	(810, 20, '24126096-e20a-4579-9578-7eebf2232c8d', '2024-04-23 08:09:56', '2024-04-16 08:09:56', '2024-04-16 08:09:56'),
	(811, 167, 'a9436580-68a5-4737-a46b-709c14439259', '2024-04-23 08:09:57', '2024-04-16 08:09:56', '2024-04-16 08:09:57'),
	(812, 20, 'deff7724-8f73-47f0-85b2-dd6e3cd887f4', '2024-04-23 08:15:34', '2024-04-16 08:15:34', '2024-04-16 08:15:34'),
	(813, 167, 'a6edbfd8-c3fb-4625-baae-29319ef171da', '2024-04-23 08:15:35', '2024-04-16 08:15:34', '2024-04-16 08:15:35'),
	(814, 20, 'e9a57cc2-6338-4519-a6bb-248cf8baf87f', '2024-04-23 08:15:39', '2024-04-16 08:15:39', '2024-04-16 08:15:39'),
	(816, 20, '1edbf25e-417a-4b13-bff5-d3669dff5cef', '2024-04-23 08:15:57', '2024-04-16 08:15:57', '2024-04-16 08:15:57'),
	(818, 20, '963b484c-eaad-471c-a0fe-ddb6e1b730d6', '2024-04-23 08:16:03', '2024-04-16 08:16:03', '2024-04-16 08:16:03'),
	(819, 167, 'dd6d52b0-93a9-4bae-9378-54126056c620', '2024-04-23 08:16:03', '2024-04-16 08:16:03', '2024-04-16 08:16:03'),
	(820, 20, '416476dd-01e1-4099-911e-0950a4d8de36', '2024-04-23 08:20:07', '2024-04-16 08:20:07', '2024-04-16 08:20:07'),
	(821, 167, '2dfa2c5c-635f-4831-bf95-77bef29cd344', '2024-04-23 08:20:10', '2024-04-16 08:20:07', '2024-04-16 08:20:10'),
	(822, 20, '943bbb54-49f5-42c6-852d-e5d7da31dbbb', '2024-04-23 08:21:12', '2024-04-16 08:21:12', '2024-04-16 08:21:12'),
	(823, 167, 'cc440059-70fe-413a-84ca-85521d31f4cd', '2024-04-23 08:21:13', '2024-04-16 08:21:12', '2024-04-16 08:21:13'),
	(824, 20, '6825bf3c-0b87-4fbd-957c-ddabedf37b9e', '2024-04-23 08:24:12', '2024-04-16 08:24:12', '2024-04-16 08:24:12'),
	(826, 20, 'e621d80e-e266-4f87-93d3-7b84851eb462', '2024-04-23 08:24:18', '2024-04-16 08:24:18', '2024-04-16 08:24:18'),
	(828, 20, 'b6697d04-2649-414b-bfae-6c142676b295', '2024-04-23 08:26:59', '2024-04-16 08:26:59', '2024-04-16 08:26:59'),
	(829, 167, '20d6dc42-da36-4eef-b0be-7d51e00f7743', '2024-04-23 08:28:22', '2024-04-16 08:26:59', '2024-04-16 08:28:22'),
	(830, 20, 'efc95182-b456-47b2-96b2-ad71bd1a6d9e', '2024-04-23 08:28:56', '2024-04-16 08:28:56', '2024-04-16 08:28:56'),
	(831, 167, '3823d783-642a-4663-973d-201539fb6ebd', '2024-04-23 08:29:30', '2024-04-16 08:28:56', '2024-04-16 08:29:30'),
	(832, 20, 'c7cd51f9-914a-4547-af34-7b42d791c46e', '2024-04-23 08:30:15', '2024-04-16 08:30:15', '2024-04-16 08:30:15'),
	(834, 20, '3d961435-2b59-4157-8c46-59ccc70b312a', '2024-04-23 08:30:21', '2024-04-16 08:30:21', '2024-04-16 08:30:21'),
	(836, 20, '74c8b916-eef5-4cbc-a266-33c6c7cae3dd', '2024-04-23 08:33:22', '2024-04-16 08:33:22', '2024-04-16 08:33:22'),
	(837, 167, '3e9aeb26-05e6-4a3a-afdc-1cee73bc317c', '2024-04-23 08:33:23', '2024-04-16 08:33:22', '2024-04-16 08:33:23'),
	(838, 20, '39072553-14db-4dda-86eb-bcec0eca0a12', '2024-04-23 08:33:27', '2024-04-16 08:33:27', '2024-04-16 08:33:27'),
	(839, 167, '47c39d24-1acb-417c-ae74-2ccb37481415', '2024-04-23 08:33:27', '2024-04-16 08:33:27', '2024-04-16 08:33:27'),
	(840, 20, '249048fb-bc86-4ce6-b8a4-22b3ee06f1cf', '2024-04-23 08:33:31', '2024-04-16 08:33:31', '2024-04-16 08:33:31'),
	(841, 167, '48618e8e-1e0c-46a1-b752-0608df578597', '2024-04-23 08:33:32', '2024-04-16 08:33:31', '2024-04-16 08:33:32'),
	(842, 20, 'f50fc8e4-3188-4805-a566-d6f982a71c70', '2024-04-23 08:34:39', '2024-04-16 08:34:39', '2024-04-16 08:34:39'),
	(844, 20, '8872f994-3615-4476-a485-ece921fab795', '2024-04-23 08:35:17', '2024-04-16 08:35:17', '2024-04-16 08:35:17'),
	(846, 20, 'c041c8f4-c895-4fde-8585-3e18a39dfbe5', '2024-04-23 08:35:39', '2024-04-16 08:35:39', '2024-04-16 08:35:39'),
	(848, 167, 'e27b7084-b0aa-4e10-b623-522b3af1437f', '2024-04-23 09:30:41', '2024-04-16 08:37:30', '2024-04-16 09:30:41'),
	(849, 20, 'e3947856-a688-4378-a045-28edbf4d37b5', '2024-04-23 08:39:12', '2024-04-16 08:39:12', '2024-04-16 08:39:12'),
	(851, 20, 'f9d96c57-3691-48d9-b67c-365036b6295e', '2024-04-23 08:39:26', '2024-04-16 08:39:26', '2024-04-16 08:39:26'),
	(852, 167, 'c1f4c32b-8b87-40a0-a9f9-146a7f070786', '2024-04-23 08:39:27', '2024-04-16 08:39:26', '2024-04-16 08:39:27'),
	(853, 20, '44b4b9fc-2551-46cd-b59c-65e437da7b28', '2024-04-23 08:39:40', '2024-04-16 08:39:40', '2024-04-16 08:39:40'),
	(854, 167, 'd9b85ec9-ea7d-4f4a-be65-54812bd09e60', '2024-04-23 08:39:41', '2024-04-16 08:39:40', '2024-04-16 08:39:41'),
	(855, 20, '66e28589-9d45-489a-b8c1-925f92c807ee', '2024-04-23 08:40:49', '2024-04-16 08:40:49', '2024-04-16 08:40:49'),
	(856, 167, '8913d10b-1605-40fb-a565-a9c0b72a98d8', '2024-04-23 08:40:49', '2024-04-16 08:40:49', '2024-04-16 08:40:49'),
	(857, 20, 'a4521475-7111-4cfb-a2f0-2c1554e8131f', '2024-04-23 08:40:54', '2024-04-16 08:40:54', '2024-04-16 08:40:54'),
	(858, 167, 'b6504c2d-564c-40d8-bebd-bb664a21c7fa', '2024-04-23 08:40:55', '2024-04-16 08:40:54', '2024-04-16 08:40:55'),
	(859, 20, 'cf63bcc9-a1f8-49e6-88a6-06399582b38b', '2024-04-23 08:40:59', '2024-04-16 08:40:59', '2024-04-16 08:40:59'),
	(860, 167, '820623fb-48c9-4219-bd7c-94aafdd17b48', '2024-04-23 08:40:59', '2024-04-16 08:40:59', '2024-04-16 08:40:59'),
	(861, 20, '2fe31e25-f5e7-4936-b627-e5f5fa384c21', '2024-04-23 08:41:03', '2024-04-16 08:41:03', '2024-04-16 08:41:03'),
	(862, 167, '6b24f617-c27a-4cdb-a092-e2cb7822a115', '2024-04-23 08:41:03', '2024-04-16 08:41:03', '2024-04-16 08:41:03'),
	(863, 20, '88ba5e2c-8510-4a8d-86a9-7d18143937df', '2024-04-23 08:41:07', '2024-04-16 08:41:07', '2024-04-16 08:41:07'),
	(864, 167, '7d63fda1-db6e-4f27-a4fc-a0f9b5e46cd9', '2024-04-23 08:41:07', '2024-04-16 08:41:07', '2024-04-16 08:41:07'),
	(865, 20, 'edd8d52a-a712-46a4-958e-a885af10998d', '2024-04-23 08:41:11', '2024-04-16 08:41:11', '2024-04-16 08:41:11'),
	(866, 167, 'c792fd84-2669-4894-bf12-c003e94f3832', '2024-04-23 08:41:12', '2024-04-16 08:41:11', '2024-04-16 08:41:12'),
	(867, 20, '1019542c-e663-4d01-abe7-b70efbeb45ee', '2024-04-23 08:41:18', '2024-04-16 08:41:18', '2024-04-16 08:41:18'),
	(868, 167, '4e1614d5-0dab-47bf-869b-26254a058ee3', '2024-04-23 08:41:18', '2024-04-16 08:41:18', '2024-04-16 08:41:18'),
	(869, 20, 'e003fded-3237-4ed2-b9c5-685997a99a73', '2024-04-23 08:42:10', '2024-04-16 08:42:10', '2024-04-16 08:42:10'),
	(871, 20, '5de6a792-8bee-4224-ace0-9cecbece5d4b', '2024-04-23 08:49:28', '2024-04-16 08:49:29', '2024-04-16 08:49:29'),
	(877, 167, '39e07deb-09bb-42f3-935f-5846d620b2f1', '2024-04-23 08:52:35', '2024-04-16 08:52:35', '2024-04-16 08:52:35'),
	(878, 167, '9bddb1b1-211c-4613-8a64-fd2e8f6e2e47', '2024-04-23 08:52:56', '2024-04-16 08:52:56', '2024-04-16 08:52:56'),
	(879, 167, '99439763-0e45-4530-ba86-221772b4fba1', '2024-04-23 08:53:01', '2024-04-16 08:53:01', '2024-04-16 08:53:01'),
	(880, 167, 'e38b0116-2663-48ad-b3d8-3473a3569ad6', '2024-04-23 08:53:05', '2024-04-16 08:53:05', '2024-04-16 08:53:05'),
	(881, 167, '19f2ef2e-31b3-4206-9f2b-efbc089e2b0c', '2024-04-23 08:53:10', '2024-04-16 08:53:10', '2024-04-16 08:53:10'),
	(882, 167, '48b8834a-5f53-4623-b131-fbda67fdeb9b', '2024-04-23 08:53:14', '2024-04-16 08:53:14', '2024-04-16 08:53:14'),
	(892, 167, '204aae2c-e6db-4fff-967f-284f26d0aa6f', '2024-04-23 10:04:44', '2024-04-16 09:30:49', '2024-04-16 10:04:44'),
	(895, 20, 'e67036f9-b5e1-4227-aa2b-a5bfdb371e97', '2024-04-23 10:05:42', '2024-04-16 09:54:42', '2024-04-16 10:05:42'),
	(905, 167, '79573524-c72b-419b-85a8-a71008d7ca2f', '2024-04-23 10:57:50', '2024-04-16 10:56:24', '2024-04-16 10:57:50'),
	(907, 167, 'a6146b72-24ba-4955-90d9-e274c5afde2a', '2024-04-23 12:21:55', '2024-04-16 12:20:17', '2024-04-16 12:21:55'),
	(908, 167, 'd7c54de3-7782-4a84-9128-727970fa0bfc', '2024-04-23 12:22:33', '2024-04-16 12:22:29', '2024-04-16 12:22:33'),
	(914, 167, 'f6a923bd-c7a4-4861-85af-a93093a7fd9e', '2024-04-23 12:34:56', '2024-04-16 12:34:39', '2024-04-16 12:34:56'),
	(919, 167, '04cefe75-d7d9-4576-8d3a-753a170d0cee', '2024-04-23 12:49:52', '2024-04-16 12:48:55', '2024-04-16 12:49:52'),
	(923, 167, '1bfa70a4-ab72-4ab3-a8b1-dd4456e8d939', '2024-04-23 13:17:47', '2024-04-16 13:17:43', '2024-04-16 13:17:47'),
	(924, 167, '52d06a18-b697-4ee0-b291-f8755a95fa6c', '2024-04-23 13:18:36', '2024-04-16 13:18:31', '2024-04-16 13:18:36'),
	(925, 167, '21597197-d13a-44a8-842e-0205f65f8db5', '2024-04-23 13:28:39', '2024-04-16 13:18:52', '2024-04-16 13:28:39'),
	(942, 167, '15bf0890-2d89-4645-a170-a68f60ef45ca', '2024-04-24 08:10:22', '2024-04-17 07:52:46', '2024-04-17 08:10:22'),
	(944, 167, '9261ebae-d3cb-422e-8135-f4492cd17e72', '2024-04-24 08:29:40', '2024-04-17 08:29:40', '2024-04-17 08:29:40'),
	(947, 167, '9585488d-5b66-4b96-826e-70bf8b91439b', '2024-04-25 13:12:07', '2024-04-17 08:47:23', '2024-04-18 13:12:07');

-- Dumping structure for πίνακας database_development.Guards
CREATE TABLE IF NOT EXISTS `Guards` (
  `GuardId` int(11) NOT NULL AUTO_INCREMENT,
  `name` varchar(255) NOT NULL,
  `arcGuardId` int(11) NOT NULL,
  `pin` int(11) NOT NULL,
  `isQrPatrol` tinyint(1) NOT NULL,
  `isPTT` tinyint(1) NOT NULL,
  `lastLatitude` float DEFAULT NULL,
  `lastLongitude` float DEFAULT NULL,
  `lastAccuracy` float DEFAULT NULL,
  `lastContact` datetime DEFAULT NULL,
  `language` varchar(255) DEFAULT NULL,
  `userId` int(11) NOT NULL,
  `createdAt` datetime NOT NULL,
  `updatedAt` datetime NOT NULL,
  PRIMARY KEY (`GuardId`),
  KEY `userId` (`userId`),
  CONSTRAINT `Guards_ibfk_1` FOREIGN KEY (`userId`) REFERENCES `Accounts` (`id`) ON DELETE CASCADE ON UPDATE CASCADE,
  CONSTRAINT `Guards_ibfk_2` FOREIGN KEY (`userId`) REFERENCES `Accounts` (`id`) ON DELETE CASCADE ON UPDATE CASCADE,
  CONSTRAINT `Guards_ibfk_3` FOREIGN KEY (`userId`) REFERENCES `Accounts` (`id`) ON DELETE CASCADE ON UPDATE CASCADE
) ENGINE=InnoDB AUTO_INCREMENT=10 DEFAULT CHARSET=utf8mb4 COLLATE=utf8mb4_general_ci;

-- Dumping data for table database_development.Guards: ~9 rows (approximately)
INSERT INTO `Guards` (`GuardId`, `name`, `arcGuardId`, `pin`, `isQrPatrol`, `isPTT`, `lastLatitude`, `lastLongitude`, `lastAccuracy`, `lastContact`, `language`, `userId`, `createdAt`, `updatedAt`) VALUES
	(1, 'John Doe', 123, 456, 0, 1, 40.7128, -74.006, 10.5, '1999-12-31 22:00:00', 'English', 1, '2024-04-11 09:29:23', '2024-04-11 09:29:23'),
	(2, 'John Dose', 125, 456, 1, 0, 40.7128, -74.006, 10.5, '1999-12-31 22:00:00', 'English', 9, '2024-04-11 09:29:50', '2024-04-17 06:30:43'),
	(3, 'John Doste', 125, 456, 1, 1, 40.7128, -74.006, 10.5, '1999-12-31 22:00:00', 'English', 9, '2024-04-11 10:45:21', '2024-04-16 06:49:02'),
	(4, 'John Doddsste', 125, 456, 1, 1, 40.7128, -74.006, 10.5, '1999-12-31 22:00:00', 'English', 9, '2024-04-11 10:45:24', '2024-04-16 06:49:02'),
	(5, 'John Dodddsdssste', 125, 456, 1, 1, 40.7128, -74.006, 10.5, '1999-12-31 22:00:00', 'English', 9, '2024-04-11 10:45:26', '2024-04-16 06:49:02'),
	(6, 'John Ddsose', 125, 456, 1, 1, 40.7128, -74.006, 10.5, '1999-12-31 22:00:00', 'English', 10, '2024-04-11 12:42:00', '2024-04-12 09:57:38'),
	(7, 'John Ddsoxsxsse', 125, 456, 0, 1, 40.7128, -74.006, 10.5, '1999-12-31 22:00:00', 'English', 10, '2024-04-11 12:42:04', '2024-04-11 12:42:04'),
	(8, 'zohn Ddsoxsxsse', 125, 456, 0, 1, 40.7128, -74.006, 10.5, '1999-12-31 22:00:00', 'English', 10, '2024-04-11 12:42:08', '2024-04-11 12:42:08'),
	(9, 'zxzohn Ddsoxsxsse', 125, 456, 0, 1, 40.7128, -74.006, 10.5, '1999-12-31 22:00:00', 'English', 12, '2024-04-11 12:42:14', '2024-04-11 12:42:14');

-- Dumping structure for πίνακας database_development.Notifications
CREATE TABLE IF NOT EXISTS `Notifications` (
  `id` int(11) NOT NULL AUTO_INCREMENT,
  `userId` int(11) NOT NULL,
  `NotificationTitle` varchar(255) NOT NULL,
  `NotificationMessage` varchar(255) NOT NULL,
  `createdAt` datetime NOT NULL,
  `updatedAt` datetime NOT NULL,
  PRIMARY KEY (`id`),
  KEY `userId` (`userId`),
  CONSTRAINT `Notifications_ibfk_1` FOREIGN KEY (`userId`) REFERENCES `Accounts` (`id`) ON DELETE CASCADE ON UPDATE CASCADE,
  CONSTRAINT `Notifications_ibfk_2` FOREIGN KEY (`userId`) REFERENCES `Accounts` (`id`) ON DELETE CASCADE ON UPDATE CASCADE,
  CONSTRAINT `Notifications_ibfk_3` FOREIGN KEY (`userId`) REFERENCES `Accounts` (`id`) ON DELETE CASCADE ON UPDATE CASCADE
) ENGINE=InnoDB AUTO_INCREMENT=2 DEFAULT CHARSET=utf8mb4 COLLATE=utf8mb4_general_ci;

-- Dumping data for table database_development.Notifications: ~1 rows (approximately)
INSERT INTO `Notifications` (`id`, `userId`, `NotificationTitle`, `NotificationMessage`, `createdAt`, `updatedAt`) VALUES
	(1, 1, 'dsdddsadsads', '13421321321312312', '2024-03-21 08:44:20', '2024-03-21 08:44:20');

/*!40103 SET TIME_ZONE=IFNULL(@OLD_TIME_ZONE, 'system') */;
/*!40101 SET SQL_MODE=IFNULL(@OLD_SQL_MODE, '') */;
/*!40014 SET FOREIGN_KEY_CHECKS=IFNULL(@OLD_FOREIGN_KEY_CHECKS, 1) */;
/*!40101 SET CHARACTER_SET_CLIENT=@OLD_CHARACTER_SET_CLIENT */;
/*!40111 SET SQL_NOTES=IFNULL(@OLD_SQL_NOTES, 1) */;
